rank_by_estimated_users,rank_by_ai_share,rank_by_h1_to_h2_change,rank_by_h2_to_q1_change,rank_by_readiness,rank_by_access_headroom,rank_by_positive_diffusion_gap,rank_by_negative_diffusion_gap,country,microsoft_economy,code,region,income_group,ai_share_h1_2025_pct,ai_share_h2_2025_pct,ai_share_q1_2026_pct,h1_to_h2_change_pp,h2_to_q1_change_pp,h1_to_q1_change_pp,h1_to_h2_growth_pct,h2_to_q1_growth_pct,h1_to_q1_growth_pct,working_age_population_2025,working_age_population_2026,estimated_ai_users_h1_2025,estimated_ai_users_h2_2025,estimated_ai_users_q1_2026,estimated_user_change_h1_to_h2,estimated_user_change_h2_to_q1,estimated_user_change_h1_to_q1,internet_user_pct,internet_year,electricity_access_pct,electricity_year,gdp_per_capita_usd,gdp_year,gdp_readiness_score,readiness_score,access_ceiling_pct,access_headroom_users,internet_normalised_ai_intensity_pct,modelled_ai_share_q1_2026_pct,modelled_ai_users_q1_2026,diffusion_gap_pp,modelled_user_gap_q1_2026,offline_working_age_population,source_url
1,63,45,57,92,2,15,131,India,India,IND,South Asia,Lower middle income,14.2,15.7,17.6,1.5,1.9,3.400000000000002,10.563380281690142,12.101910828025492,23.943661971831002,1001696269,1013051552,142240870,157266314,178297073,15025444,21030759,36056203,64.9434967,2024,99.5,2023,2694.73780859961,2024,34.93241533494112,67.58040625198822,64.9434967,479614028,27.10048102476133,10.749987207707509,108902912,6.8500127922924925,69394161,355140451,https://www.microsoft.com/en-us/research/wp-content/uploads/2026/05/Microsoft-AI-Diffusion-Report-2026-Q1.pdf
2,67,67,147,39,1,129,17,China,China,CHN,East Asia & Pacific,Upper middle income,15.4,16.3,16.4,0.9000000000000004,0.1,0.9999999999999982,5.844155844155846,0.6134969325153243,6.493506493506482,986753852,989972734,151960093,160840878,162355528,8880785,1514650,10395435,92.0,2024,100.0,2023,13303.1481543868,2024,57.17146917623328,87.03429383524666,92.0,748419387,17.82608695652174,21.808688461914898,215900069,-5.408688461914899,-53544541,79197819,https://www.microsoft.com/en-us/research/wp-content/uploads/2026/05/Microsoft-AI-Diffusion-Report-2026-Q1.pdf
3,21,23,11,12,3,135,11,United States,United States,USA,North America,High income,26.3,28.3,31.3,2.0,3.0,5.0,7.604562737642586,10.60070671378092,19.011406844106464,224040586,224274040,58922674,63403486,70197775,4480812,6794289,11275101,94.69380188,2024,100.0,2023,84534.0407841548,2024,82.92673408147387,93.66693785029477,94.69380188,142175841,33.05390572411982,37.72738171852392,84612723,-6.427381718523922,-14414948,11900425,https://www.microsoft.com/en-us/research/wp-content/uploads/2026/05/Microsoft-AI-Diffusion-Report-2026-Q1.pdf
4,58,44,51,62,5,82,64,Brazil,Brazil,BRA,Latin America & Caribbean,Upper middle income,15.6,17.1,19.1,1.5000000000000018,2.0,3.5000000000000018,9.615384615384627,11.695906432748536,22.43589743589745,147123683,147306885,22951295,25158150,28135615,2206855,2977465,5184320,84.46347227,2024,99.8,2023,10310.5488778166,2024,53.62211773477355,82.12933329545471,84.46347227,96284895,22.61332560298258,19.270733919795312,28387118,-0.17073391979531038,-251503,22886375,https://www.microsoft.com/en-us/research/wp-content/uploads/2026/05/Microsoft-AI-Diffusion-Report-2026-Q1.pdf
5,77,64,73,85,4,73,73,Indonesia,Indonesia,IDN,East Asia & Pacific,Upper middle income,11.7,12.7,14.1,1.0,1.4,2.4000000000000004,8.547008547008547,11.023622047244098,20.512820512820518,194890392,196695714,22802176,24751080,27734096,1948904,2983016,4931920,72.78075544,2024,99.4,2023,4925.43048751861,2024,43.332624846972664,73.54594046139454,72.78075544,115422531,19.373253155669637,14.018704453547349,27574191,0.08129554645265102,159905,53539087,https://www.microsoft.com/en-us/research/wp-content/uploads/2026/05/Microsoft-AI-Diffusion-Report-2026-Q1.pdf
6,5,3,3,30,32,3,143,France,France,FRA,Europe & Central Asia,High income,40.9,44.0,47.8,3.1000000000000014,3.8,6.899999999999999,7.579462102689491,8.63636363636363,16.870415647921757,40812445,40792197,16692290,17957476,19498670,1265186,1541194,2806380,88.65381638,2024,100.0,2023,46103.0840855884,2024,74.48246030025382,88.65609106905076,88.65381638,16665169,53.9175886068042,31.179230737892766,12718693,16.62076926210723,6779977,4628358,https://www.microsoft.com/en-us/research/wp-content/uploads/2026/05/Microsoft-AI-Diffusion-Report-2026-Q1.pdf
7,8,8,8,16,20,10,136,United Kingdom,United Kingdom,GBR,Europe & Central Asia,High income,36.4,38.9,42.2,2.5,3.3,5.800000000000004,6.868131868131869,8.483290488431889,15.934065934065947,44048623,44295443,16033699,17134914,18692677,1101215,1557763,2658978,95.4720993,2024,100.0,2023,53246.3676145108,2024,76.48880485108366,92.80741558521673,95.4720993,23597112,44.201395286591335,33.518581823125196,14847204,8.681418176874807,3845473,2005654,https://www.microsoft.com/en-us/research/wp-content/uploads/2026/05/Microsoft-AI-Diffusion-Report-2026-Q1.pdf
8,34,14,12,68,15,7,139,Vietnam,Vietnam,VNM,East Asia & Pacific,Lower middle income,21.2,23.5,26.5,2.3000000000000007,3.0,5.300000000000001,10.849056603773588,12.76595744680851,25.000000000000007,68730843,69128402,14570939,16151748,18319027,1580809,2167279,3748088,84.15,2024,99.8,2023,4717.29028732449,2024,42.73124776853727,79.77874955370746,84.15,39852524,31.4913844325609,14.745256212904534,10193160,11.754743787095466,8125867,10956852,https://www.microsoft.com/en-us/research/wp-content/uploads/2026/05/Microsoft-AI-Diffusion-Report-2026-Q1.pdf
9,55,59,35,61,8,91,55,Mexico,Mexico,MEX,Latin America & Caribbean,Upper middle income,16.7,17.8,20.1,1.1000000000000014,2.3,3.400000000000002,6.586826347305398,12.921348314606746,20.359281437125762,88915722,89807923,14848926,15826999,18051393,978073,2224394,3202467,83.12233799,2024,99.7,2023,14185.7812248529,2024,58.066204772645214,82.25552684902905,83.12233799,56599053,24.181225511748867,21.23961353206972,19074856,-1.139613532069717,-1023463,15157478,https://www.microsoft.com/en-us/research/wp-content/uploads/2026/05/Microsoft-AI-Diffusion-Report-2026-Q1.pdf
10,91,102,93,100,7,38,108,Pakistan,Pakistan,PAK,"Middle East, North Africa, Afghanistan & Pakistan",Lower middle income,9.7,10.3,11.4,0.6000000000000014,1.1,1.700000000000001,6.185567010309293,10.679611650485432,17.5257731958763,151585198,154978123,14703764,15613275,17667506,909511,2054231,2963742,57.253,2024,95.6,2023,1478.77277977996,2024,26.574302187199173,60.704010437439834,57.253,71062119,19.911620351771962,8.44099877570333,13081701,2.959001224296671,4585805,66248498,https://www.microsoft.com/en-us/research/wp-content/uploads/2026/05/Microsoft-AI-Diffusion-Report-2026-Q1.pdf
11,48,11,6,43,12,128,18,Japan,Japan,JPN,East Asia & Pacific,High income,16.7,19.1,22.5,2.400000000000002,3.4,5.800000000000001,14.371257485029954,17.80104712041884,34.730538922155695,72344844,71934032,12081589,13817865,16185157,1736276,2367292,4103568,85.54153081,2024,100.0,2023,32487.0778047567,2024,69.60709076917625,85.96926009933526,85.54153081,45348315,26.303013035826684,27.749821059072143,19961565,-5.2498210590721435,-3776408,10400560,https://www.microsoft.com/en-us/research/wp-content/uploads/2026/05/Microsoft-AI-Diffusion-Report-2026-Q1.pdf
12,23,18,22,19,18,110,36,Germany,Germany,DEU,Europe & Central Asia,High income,26.5,28.6,31.1,2.1000000000000014,2.5,4.600000000000001,7.924528301886798,8.741258741258742,17.35849056603774,52472011,51775137,13905083,15006995,16102068,1101912,1095073,2196985,93.49999579,2024,100.0,2023,56103.7323182554,2024,77.21686690634577,91.86837106576917,93.49999579,32307683,33.26203358324237,33.68625136390053,17441103,-2.58625136390053,-1339035,3365386,https://www.microsoft.com/en-us/research/wp-content/uploads/2026/05/Microsoft-AI-Diffusion-Report-2026-Q1.pdf
13,56,55,62,89,17,12,134,Philippines,Philippines,PHL,East Asia & Pacific,Lower middle income,17.1,18.3,20.1,1.1999999999999993,1.8,3.0,7.017543859649118,9.836065573770496,17.543859649122805,78407419,79622840,13407669,14348558,16004191,940889,1655633,2596522,67.26300914,2024,98.0,2023,3984.8315387656,2024,40.38102078682164,69.57085918436432,67.26300914,37552527,29.882695194567088,12.700799710058023,10112737,7.399200289941978,5891454,26066122,https://www.microsoft.com/en-us/research/wp-content/uploads/2026/05/Microsoft-AI-Diffusion-Report-2026-Q1.pdf
14,101,103,110,117,13,53,93,Nigeria,Nigeria,NGA,Sub-Saharan Africa,Lower middle income,8.7,9.3,10.1,0.6000000000000014,0.8,1.4000000000000004,6.8965517241379475,8.602150537634397,16.09195402298851,133991183,137925646,11657233,12461180,13930490,803947,1469310,2273257,41.21139908,2024,61.2,2023,1084.16041805436,2024,22.25091561983275,42.416452617966556,41.21139908,42910598,24.507782374468224,8.799107622692302,12136226,1.3008923773076972,1794264,81084558,https://www.microsoft.com/en-us/research/wp-content/uploads/2026/05/Microsoft-AI-Diffusion-Report-2026-Q1.pdf
15,6,22,29,21,33,5,141,Spain,Spain,ESP,Europe & Central Asia,High income,39.7,41.8,44.2,2.0999999999999943,2.4,4.5,5.28967254408059,5.741626794258387,11.335012594458437,31482277,31346454,12498464,13159592,13855133,661128,695541,1356669,95.7574516,2024,100.0,2023,35326.7683069278,2024,70.77424890507386,91.82144816101477,95.7574516,16161433,46.1582876961191,29.92811125588043,9381402,14.271888744119572,4473731,1329888,https://www.microsoft.com/en-us/research/wp-content/uploads/2026/05/Microsoft-AI-Diffusion-Report-2026-Q1.pdf
16,16,1,1,14,22,16,130,South Korea,South Korea,KOR,East Asia & Pacific,High income,25.9,30.7,37.1,4.800000000000001,6.4,11.200000000000003,18.53281853281854,20.84690553745929,43.243243243243256,35890566,35474901,9295657,11018404,13161188,1722747,2142784,3865531,97.89563777,2024,100.0,2023,36238.639908315,2024,71.12920699092555,93.06844217168512,97.89563777,21567192,37.89750069064799,30.465083209093912,10807458,6.6349167909060895,2353730,746520,https://www.microsoft.com/en-us/research/wp-content/uploads/2026/05/Microsoft-AI-Diffusion-Report-2026-Q1.pdf
17,74,68,74,84,11,41,105,Egypt,Egypt,EGY,"Middle East, North Africa, Afghanistan & Pakistan",Lower middle income,12.5,13.4,14.8,0.9000000000000004,1.4,2.3000000000000007,7.200000000000002,10.447761194029853,18.400000000000006,74774810,76233317,9346851,10019825,11282531,672974,1262706,1935680,74.64839935,2024,100.0,2023,3338.47371395895,2024,37.916000866317184,73.63981981576345,74.64839935,45624420,19.826279101589336,12.295632999774684,9373369,2.504367000225317,1909162,19326366,https://www.microsoft.com/en-us/research/wp-content/uploads/2026/05/Microsoft-AI-Diffusion-Report-2026-Q1.pdf
18,25,24,30,32,21,72,74,Italy,Italy,ITA,Europe & Central Asia,High income,25.8,27.8,30.2,2.0,2.4,4.399999999999999,7.751937984496124,8.63309352517985,17.054263565891468,37406875,37103442,9650974,10399111,11205239,748137,806128,1554265,89.2207202,2024,100.0,2023,40385.3413957669,2024,72.63819435495866,88.59903498099173,89.2207202,21898719,33.84863956747123,30.112348274563967,11172718,0.08765172543603228,32521,3999484,https://www.microsoft.com/en-us/research/wp-content/uploads/2026/05/Microsoft-AI-Diffusion-Report-2026-Q1.pdf
19,65,56,15,48,14,126,20,Turkey,Turkey,TUR,Europe & Central Asia,Upper middle income,13.4,14.6,17.4,1.1999999999999993,2.8,3.9999999999999982,8.955223880597009,19.178082191780817,29.850746268656703,59982227,60248012,8037618,8757405,10483154,719787,1725749,2445536,87.3078767,2024,100.0,2023,15892.7157287241,2024,59.64872993191166,84.94907817138234,87.3078767,42118106,19.929473327805713,22.494479913261763,13552477,-5.094479913261765,-3069323,7646752,https://www.microsoft.com/en-us/research/wp-content/uploads/2026/05/Microsoft-AI-Diffusion-Report-2026-Q1.pdf
20,46,30,52,82,19,19,127,South Africa,South Africa,ZAF,Sub-Saharan Africa,Upper middle income,19.3,21.1,23.1,1.8000000000000007,2.0,3.8000000000000007,9.326424870466326,9.47867298578199,19.68911917098446,43634242,44080679,8421409,9206825,10182637,785416,975812,1761228,78.35759735,2024,87.7,2023,6267.186814093,2024,46.68813455926684,74.35930545435338,78.35759735,24357924,29.480230100495803,17.096030055112944,7536046,6.003969944887057,2646591,9540118,https://www.microsoft.com/en-us/research/wp-content/uploads/2026/05/Microsoft-AI-Diffusion-Report-2026-Q1.pdf
21,15,46,36,18,35,32,114,Canada,Canada,CAN,North America,High income,33.5,35.0,37.3,1.5,2.3,3.799999999999997,4.477611940298507,6.571428571428563,11.343283582089542,25985797,26065979,8705242,9095029,9722610,389787,627581,1017368,94.353302,2024,100.0,2023,54340.3477224733,2024,76.77206715077655,92.24872953015532,94.353302,14871502,39.532267773734084,33.52861504647238,8739562,3.7713849535276154,983048,1471867,https://www.microsoft.com/en-us/research/wp-content/uploads/2026/05/Microsoft-AI-Diffusion-Report-2026-Q1.pdf
22,41,38,23,73,24,13,133,Colombia,Colombia,COL,Latin America & Caribbean,Upper middle income,20.4,22.0,24.5,1.6000000000000014,2.5,4.100000000000001,7.843137254901968,11.363636363636363,20.098039215686285,37294814,37550042,7608142,8204859,9199760,596717,994901,1591618,79.34543299,2024,98.7,2023,7919.20886825345,2024,49.94681349349305,78.30435084319862,79.34543299,20594483,30.877643585469833,17.258835614181677,6480700,7.241164385818323,2719060,7755799,https://www.microsoft.com/en-us/research/wp-content/uploads/2026/05/Microsoft-AI-Diffusion-Report-2026-Q1.pdf
23,127,116,134,98,9,104,42,Bangladesh,Bangladesh,BGD,South Asia,Lower middle income,6.5,7.1,7.8,0.5999999999999996,0.7,1.2999999999999998,9.230769230769226,9.859154929577468,20.0,115401406,117061307,7501091,8193500,9130782,692409,937282,1629691,53.42171316,2024,99.5,2023,2593.41611680774,2024,34.39862030084888,61.13666629816978,53.42171316,53405374,14.600804688982382,9.856264978696398,11537873,-2.0562649786963982,-2407091,54525151,https://www.microsoft.com/en-us/research/wp-content/uploads/2026/05/Microsoft-AI-Diffusion-Report-2026-Q1.pdf
24,116,125,71,31,6,144,2,Russia,Russia,RUS,Europe & Central Asia,High income,7.6,8.0,9.5,0.40000000000000036,1.5,1.9000000000000004,5.263157894736848,18.75,25.000000000000007,93858547,93066686,7133250,7508684,8841335,375434,1332651,1708085,94.36495368,2024,100.0,2023,14889.0185546875,2024,58.74010084721374,88.64874469344275,94.36495368,78981000,10.06729684011222,22.897327901545438,21309784,-13.397327901545438,-12468449,5244351,https://www.microsoft.com/en-us/research/wp-content/uploads/2026/05/Microsoft-AI-Diffusion-Report-2026-Q1.pdf
25,85,62,58,66,10,112,34,Iran,Iran,IRN,"Middle East, North Africa, Afghanistan & Pakistan",Upper middle income,9.6,10.7,12.6,1.0999999999999996,1.9,3.0,11.45833333333333,17.757009345794398,31.25,64135212,64740036,6156980,6862468,8157245,705488,1294777,2000265,85.3404007,2024,100.0,2023,5190.16959024821,2024,44.06182820099757,80.74958602519952,85.3404007,47092162,14.764402201828423,15.330529178185223,9924990,-2.7305291781852237,-1767745,9490630,https://www.microsoft.com/en-us/research/wp-content/uploads/2026/05/Microsoft-AI-Diffusion-Report-2026-Q1.pdf
26,30,9,9,8,31,90,56,Saudi Arabia,Saudi Arabia,SAU,"Middle East, North Africa, Afghanistan & Pakistan",High income,23.7,26.2,29.4,2.5,3.2,5.699999999999999,10.548523206751055,12.213740458015266,24.050632911392402,25344770,25810223,6006710,6640330,7588206,633620,947876,1581496,100.0,2024,100.0,2023,35121.6628687742,2024,70.69314717708265,94.13862943541653,100.0,18222017,29.4,30.507370734369708,7874020,-1.1073707343697095,-285814,0,https://www.microsoft.com/en-us/research/wp-content/uploads/2026/05/Microsoft-AI-Diffusion-Report-2026-Q1.pdf
27,24,19,24,41,36,23,123,Poland,Poland,POL,Europe & Central Asia,High income,26.4,28.5,31.0,2.1000000000000014,2.5,4.600000000000001,7.95454545454546,8.771929824561402,17.42424242424243,24709891,24450247,6523411,7042319,7579577,518908,537258,1056166,88.58496367,2024,100.0,2023,25103.565661423,2024,66.01596419972009,86.92492285844402,88.58496367,14079666,34.99465227020057,26.095589411502512,6380436,4.904410588497488,1199141,2791005,https://www.microsoft.com/en-us/research/wp-content/uploads/2026/05/Microsoft-AI-Diffusion-Report-2026-Q1.pdf
28,11,12,19,10,43,29,117,Australia,Australia,AUS,East Asia & Pacific,High income,34.5,36.9,39.5,2.3999999999999986,2.6,5.0,6.956521739130431,7.046070460704611,14.492753623188406,17324709,17429497,5977025,6392818,6884651,415793,491833,907626,96.13140106,2024,100.0,2023,64603.9856308464,2024,79.18176167083215,93.70862291716644,96.13140106,9870568,41.089591501268394,35.41019413265021,6171819,4.089805867349789,712832,674277,https://www.microsoft.com/en-us/research/wp-content/uploads/2026/05/Microsoft-AI-Diffusion-Report-2026-Q1.pdf
29,50,31,37,44,23,76,70,Argentina,Argentina,ARG,Latin America & Caribbean,Upper middle income,17.8,19.6,21.9,1.8000000000000007,2.3,4.099999999999998,10.112359550561802,11.734693877551006,23.033707865168527,30422327,30697753,5415174,5962776,6722808,547602,760032,1307634,89.66715228,2024,100.0,2023,13969.7836603737,2024,57.852499045737694,85.88743356314754,89.66715228,20802993,24.423659548832056,21.870047935586488,6713613,0.029952064413510726,9195,3171952,https://www.microsoft.com/en-us/research/wp-content/uploads/2026/05/Microsoft-AI-Diffusion-Report-2026-Q1.pdf
30,1,2,2,6,87,1,145,United Arab Emirates,United Arab Emirates,ARE,"Middle East, North Africa, Afghanistan & Pakistan",High income,59.4,64.0,70.1,4.600000000000001,6.1,10.699999999999996,7.744107744107747,9.531249999999991,18.013468013468007,9329852,9520772,5541932,5971105,6674061,429173,702956,1132129,100.0,2024,100.0,2023,50273.5060469837,2024,75.68861430425862,95.13772286085174,100.0,2846711,70.1,33.70491282355246,3208968,36.39508717644753,3465093,0,https://www.microsoft.com/en-us/research/wp-content/uploads/2026/05/Microsoft-AI-Diffusion-Report-2026-Q1.pdf
31,87,41,65,49,16,130,16,Thailand,Thailand,THA,East Asia & Pacific,Upper middle income,9.1,10.7,12.4,1.5999999999999996,1.7,3.3000000000000007,17.582417582417577,15.887850467289729,36.26373626373628,49824787,49547699,4534056,5331252,6143915,797196,812663,1609859,90.86718789,2024,100.0,2023,7346.62022142185,2024,48.90149374977796,84.75725208945559,90.86718789,38878686,13.646290028267321,17.831352884976344,8835025,-5.431352884976343,-2691110,4525098,https://www.microsoft.com/en-us/research/wp-content/uploads/2026/05/Microsoft-AI-Diffusion-Report-2026-Q1.pdf
32,130,127,111,129,40,86,60,Ethiopia,Ethiopia,ETH,Sub-Saharan Africa,Not classified,6.4,6.8,7.6,0.39999999999999947,0.8,1.1999999999999993,6.249999999999992,11.764705882352938,18.74999999999999,78471563,80731735,5022180,5336066,6135612,313886,799546,1113432,21.94129944,2024,55.4,2023,1133.88279681719,2024,22.87548068755627,30.492810829511257,21.94129944,11577980,34.63787557698087,8.259904877208154,6668365,-0.6599048772081542,-532753,63018143,https://www.microsoft.com/en-us/research/wp-content/uploads/2026/05/Microsoft-AI-Diffusion-Report-2026-Q1.pdf
33,51,49,47,23,27,74,72,Malaysia,Malaysia,MYS,East Asia & Pacific,Upper middle income,18.3,19.7,21.8,1.3999999999999986,2.1,3.5,7.6502732240437075,10.659898477157368,19.12568306010929,25421096,25766357,4652061,5007956,5617066,355895,609110,965005,98.0206059,2024,100.0,2023,11874.4273684245,2024,55.5890436006984,90.02914196513969,98.0206059,19639273,22.240221634867492,21.738345086233235,5601180,0.06165491376676613,15886,510018,https://www.microsoft.com/en-us/research/wp-content/uploads/2026/05/Microsoft-AI-Diffusion-Report-2026-Q1.pdf
34,119,78,99,139,50,70,76,Democratic Republic of Congo,Democratic Republic Of The Congo,COD,Sub-Saharan Africa,Low income,7.0,7.8,8.7,0.7999999999999998,0.9,1.6999999999999993,11.428571428571425,11.538461538461533,24.285714285714274,57506565,59478099,4025460,4485512,5174595,460052,689083,1149135,19.67350006,2024,22.1,2023,649.383338556725,2024,15.112216663705121,19.367868365741025,19.67350006,6526829,44.22192275633134,8.507161163957692,5059898,0.19283883604230745,114697,47776675,https://www.microsoft.com/en-us/research/wp-content/uploads/2026/05/Microsoft-AI-Diffusion-Report-2026-Q1.pdf
35,9,6,10,7,52,18,128,Netherlands,Netherlands,NLD,Europe & Central Asia,High income,36.3,38.9,42.1,2.6000000000000014,3.2,5.800000000000004,7.162534435261712,8.226221079691525,15.977961432506902,11778139,11783347,4275464,4581696,4960789,306232,379093,685325,97.00679779,2024,100.0,2023,67520.4218956281,2024,79.79674453925605,94.31308769235122,97.00679779,6469859,43.39902043889538,35.96630305434708,4238034,6.133696945652922,722755,352699,https://www.microsoft.com/en-us/research/wp-content/uploads/2026/05/Microsoft-AI-Diffusion-Report-2026-Q1.pdf
36,20,25,7,,,,,Taiwan,Taiwan,TWN,Unclassified,Unclassified,26.4,28.4,31.8,2.0,3.4,5.400000000000002,7.575757575757576,11.971830985915501,20.454545454545464,15818239,15597335,4176015,4492380,4959953,316365,467573,783938,,,,,,,,,,,,,,,,,https://www.microsoft.com/en-us/research/wp-content/uploads/2026/05/Microsoft-AI-Diffusion-Report-2026-Q1.pdf
37,81,88,85,79,28,102,44,Algeria,Algeria,DZA,"Middle East, North Africa, Afghanistan & Pakistan",Upper middle income,11.3,12.0,13.2,0.6999999999999993,1.2,1.8999999999999986,6.194690265486719,9.999999999999993,16.814159292035384,30011641,30503729,3391315,3601397,4026492,210082,425095,635177,77.4178009,2024,100.0,2023,5752.99076651465,2024,45.49577839256497,76.678946173513,77.4178009,19588824,17.050342229496213,15.154613850025816,4622722,-1.954613850025817,-596230,6888413,https://www.microsoft.com/en-us/research/wp-content/uploads/2026/05/Microsoft-AI-Diffusion-Report-2026-Q1.pdf
38,68,54,66,69,34,101,45,Peru,Peru,PER,Latin America & Caribbean,Upper middle income,13.4,14.7,16.4,1.299999999999999,1.7,2.9999999999999982,9.701492537313424,11.564625850340132,22.388059701492523,23138489,23405194,3100558,3401358,3838452,300800,437094,737894,81.95705992,2024,96.2,2023,8452.37167056621,2024,50.85431189321914,79.29724533464383,81.95705992,15343757,20.01047867750305,18.218542497368713,4264085,-1.818542497368714,-425633,4222985,https://www.microsoft.com/en-us/research/wp-content/uploads/2026/05/Microsoft-AI-Diffusion-Report-2026-Q1.pdf
39,113,89,100,106,38,55,91,Myanmar,Myanmar,MMR,East Asia & Pacific,Lower middle income,8.4,9.1,10.0,0.6999999999999993,0.9,1.5999999999999996,8.333333333333325,9.890109890109894,19.047619047619044,37517373,37744987,3151459,3414081,3774499,262622,360418,623040,45.4477005,2020,76.8,2023,1359.05001560107,2024,25.398396875690537,49.27591465013811,45.4477005,13379730,22.00331345697017,8.742086596403137,3299699,1.2579134035968629,474800,20590758,https://www.microsoft.com/en-us/research/wp-content/uploads/2026/05/Microsoft-AI-Diffusion-Report-2026-Q1.pdf
40,86,70,76,72,26,117,29,Iraq,Iraq,IRQ,"Middle East, North Africa, Afghanistan & Pakistan",Upper middle income,10.3,11.2,12.5,0.8999999999999986,1.3,2.1999999999999993,8.737864077669888,11.607142857142865,21.359223300970864,28458769,29334896,2931253,3187382,3666862,256129,479480,735609,81.47450256,2024,100.0,2023,6073.61032342708,2024,46.251148026259735,79.06120601325196,81.47450256,20233599,15.3422231584595,15.818640609565026,4640382,-3.3186406095650263,-973520,5434435,https://www.microsoft.com/en-us/research/wp-content/uploads/2026/05/Microsoft-AI-Diffusion-Report-2026-Q1.pdf
41,120,142,137,114,44,89,57,Kenya,Kenya,KEN,Sub-Saharan Africa,Lower middle income,7.8,8.1,8.7,0.2999999999999998,0.6,0.8999999999999995,3.8461538461538445,7.407407407407403,11.538461538461533,34934454,35879215,2724887,2829691,3121492,104804,291801,396605,34.97622513,2024,76.2,2023,2132.43452097647,2024,31.67272122865161,44.621468067230325,34.97622513,9427703,24.87403934433675,9.709804290439566,3483802,-1.0098042904395665,-362310,23330020,https://www.microsoft.com/en-us/research/wp-content/uploads/2026/05/Microsoft-AI-Diffusion-Report-2026-Q1.pdf
42,47,57,59,25,42,92,54,Chile,Chile,CHL,Latin America & Caribbean,High income,19.6,20.8,22.7,1.1999999999999993,1.9,3.099999999999998,6.122448979591832,9.134615384615378,15.816326530612232,13676183,13727011,2680532,2844646,3116031,164114,271385,435499,95.590243,2024,100.0,2023,16709.8893972307,2024,60.34708463611869,89.64405057722374,95.590243,10005652,23.747193528946255,23.89803071560726,3280485,-1.1980307156072598,-164454,605328,https://www.microsoft.com/en-us/research/wp-content/uploads/2026/05/Microsoft-AI-Diffusion-Report-2026-Q1.pdf
43,131,128,112,124,45,100,46,Tanzania,Tanzania,TZA,Sub-Saharan Africa,Lower middle income,6.4,6.8,7.6,0.39999999999999947,0.8,1.1999999999999993,6.249999999999992,11.764705882352938,18.74999999999999,38530554,39776409,2465955,2620078,3023007,154123,402929,557052,31.16209984,2024,48.3,2023,1186.71691894531,2024,23.509806448318393,33.916116201663684,31.16209984,9372157,24.38860038001855,9.405309122491868,3741094,-1.8053091224918685,-718087,27381245,https://www.microsoft.com/en-us/research/wp-content/uploads/2026/05/Microsoft-AI-Diffusion-Report-2026-Q1.pdf
44,90,126,113,55,25,114,32,Morocco,Morocco,MAR,"Middle East, North Africa, Afghanistan & Pakistan",Lower middle income,10.5,10.9,11.7,0.40000000000000036,0.8,1.1999999999999993,3.809523809523813,7.339449541284393,11.428571428571422,25498902,25766353,2677385,2779380,3014663,101995,235283,337278,91.2,2024,100.0,2023,4153.1943359375,2024,40.95740499009509,83.35148099801903,91.2,20484251,12.828947368421051,14.692914575684183,3785828,-2.9929145756841837,-771165,2267439,https://www.microsoft.com/en-us/research/wp-content/uploads/2026/05/Microsoft-AI-Diffusion-Report-2026-Q1.pdf
45,12,10,13,13,66,25,121,Belgium,Belgium,BEL,Europe & Central Asia,High income,33.5,36.0,39.0,2.5,3.0,5.5,7.462686567164178,8.333333333333332,16.417910447761194,7447341,7443103,2494859,2681043,2902810,186184,221767,407951,95.77579144,2024,100.0,2023,56614.5679499036,2024,77.34311149041663,93.14530759008333,95.77579144,4225881,40.72010203583863,34.128261487814186,2540202,4.871738512185814,362608,314412,https://www.microsoft.com/en-us/research/wp-content/uploads/2026/05/Microsoft-AI-Diffusion-Report-2026-Q1.pdf
46,76,90,86,104,54,17,129,Nepal,Nepal,NPL,South Asia,Lower middle income,12.3,13.0,14.2,0.6999999999999993,1.2,1.8999999999999986,5.6910569105691,9.230769230769226,15.447154471544703,19347694,19433682,2379766,2515200,2759583,135434,244383,379817,46.32189941,2024,94.0,2023,1447.31004458428,2024,26.274765770888454,54.231997829677695,46.32189941,6242468,30.655046923517332,7.897682183266714,1534810,6.302317816733285,1224773,10431631,https://www.microsoft.com/en-us/research/wp-content/uploads/2026/05/Microsoft-AI-Diffusion-Report-2026-Q1.pdf
47,2,15,25,11,118,2,144,Singapore,Singapore,SGP,East Asia & Pacific,High income,58.6,60.9,63.4,2.299999999999997,2.5,4.799999999999997,3.9249146757679134,4.105090311986864,8.191126279863477,4350213,4340305,2549225,2649280,2751753,100055,102473,202528,94.37757178,2024,100.0,2023,90674.066632628,2024,83.90333451333383,93.68833138166677,94.37757178,1344521,67.1769773307893,38.3512506816863,1664561,25.048749318313696,1087192,244031,https://www.microsoft.com/en-us/research/wp-content/uploads/2026/05/Microsoft-AI-Diffusion-Report-2026-Q1.pdf
48,82,71,75,107,56,51,95,Cote d'Ivoire,Cote D'Ivoire,CIV,Sub-Saharan Africa,Lower middle income,10.8,11.7,13.1,0.8999999999999986,1.4,2.299999999999999,8.33333333333332,11.96581196581197,21.296296296296287,18609975,19176936,2009877,2177367,2512179,167490,334812,502302,41.43219902,2024,72.4,2023,2727.8935220697,2024,35.10273968573873,47.908257398147754,41.43219902,5433248,31.61792110931987,11.383479673850458,2183003,1.716520326149542,329176,11231510,https://www.microsoft.com/en-us/research/wp-content/uploads/2026/05/Microsoft-AI-Diffusion-Report-2026-Q1.pdf
49,118,147,144,70,29,133,13,Ukraine,Ukraine,UKR,Europe & Central Asia,Upper middle income,9.1,9.0,9.4,-0.09999999999999964,0.4,0.3000000000000007,-1.098901098901095,4.444444444444448,3.2967032967033045,26247002,26668079,2388477,2362230,2506799,-26247,144569,118322,82.47489929,2024,100.0,2023,5389.47314453125,2024,44.58665796384737,79.27852620226948,82.47489929,19487672,11.397407066782247,15.269063035419958,4071966,-5.869063035419957,-1565167,4673608,https://www.microsoft.com/en-us/research/wp-content/uploads/2026/05/Microsoft-AI-Diffusion-Report-2026-Q1.pdf
50,57,91,63,78,49,34,112,Ecuador,Ecuador,ECU,Latin America & Caribbean,Upper middle income,17.0,17.7,19.5,0.6999999999999993,1.8,2.5,4.117647058823525,10.169491525423734,14.705882352941178,12346521,12505266,2098909,2185334,2438527,86425,253193,339618,77.17273115,2024,98.7,2023,6874.705739766,2024,47.97678337729883,76.71535880795977,77.17273115,7212128,25.267992604924157,16.23879661961596,2030705,3.261203380384039,407822,2854611,https://www.microsoft.com/en-us/research/wp-content/uploads/2026/05/Microsoft-AI-Diffusion-Report-2026-Q1.pdf
51,17,20,16,15,69,47,99,Sweden,Sweden,SWE,Europe & Central Asia,High income,31.2,33.3,36.1,2.099999999999998,2.8,4.900000000000002,6.730769230769224,8.408408408408421,15.705128205128213,6647687,6686951,2074078,2213680,2413989,139602,200309,339911,95.52930428,2024,100.0,2023,57117.4877440616,2024,77.46629191654178,93.03437573730837,95.52930428,3974008,37.78945138571253,34.17064796380032,2284974,1.9293520361996812,129015,298953,https://www.microsoft.com/en-us/research/wp-content/uploads/2026/05/Microsoft-AI-Diffusion-Report-2026-Q1.pdf
52,93,83,87,118,53,105,41,Angola,Angola,AGO,Sub-Saharan Africa,Lower middle income,8.9,9.7,10.9,0.7999999999999989,1.2,2.0,8.988764044943807,12.371134020618568,22.47191011235955,20693793,21409350,1841748,2007298,2333619,165550,326321,491871,40.70479965,2024,51.1,2023,2665.87444776753,2024,34.78242622361691,42.11912505222338,40.70479965,6381014,26.77816889832057,13.124674231777597,2809907,-2.2246742317775965,-476288,12694717,https://www.microsoft.com/en-us/research/wp-content/uploads/2026/05/Microsoft-AI-Diffusion-Report-2026-Q1.pdf
53,132,129,114,126,76,66,80,Sudan,Sudan,SDN,Sub-Saharan Africa,Low income,6.4,6.8,7.6,0.39999999999999947,0.8,1.1999999999999993,6.249999999999992,11.764705882352938,18.74999999999999,29137268,30217817,1864785,1981334,2296554,116549,315220,431769,18.60000038,2017,66.0,2023,984.607666015625,2024,20.909386626157566,30.911877534231515,18.60000038,3323960,40.86021421898487,7.064880043015958,2134853,0.5351199569840412,161701,24597303,https://www.microsoft.com/en-us/research/wp-content/uploads/2026/05/Microsoft-AI-Diffusion-Report-2026-Q1.pdf
54,27,39,17,42,62,6,140,Jordan,Jordan,JOR,"Middle East, North Africa, Afghanistan & Pakistan",Lower middle income,25.4,27.0,29.7,1.6000000000000014,2.7,4.300000000000001,6.2992125984252025,9.999999999999998,16.92913385826772,7494229,7577902,1903534,2023442,2250637,119908,227195,347103,95.62244985,2024,100.0,2023,4618.09592498567,2024,42.43524615610104,86.0793966487202,95.62244985,4995539,31.05965183551507,15.652042377344214,1186096,14.047957622655785,1064541,331726,https://www.microsoft.com/en-us/research/wp-content/uploads/2026/05/Microsoft-AI-Diffusion-Report-2026-Q1.pdf
55,13,17,53,28,85,22,124,Israel,Israel,ISR,"Middle East, North Africa, Afghanistan & Pakistan",High income,33.9,36.1,38.1,2.200000000000003,2.0,4.200000000000003,6.489675516224197,5.540166204986149,12.389380530973462,5724056,5815463,1940455,2066384,2215691,125929,149307,275236,88.18242225,2024,100.0,2023,54176.6844383302,2024,76.73005482595757,88.84634320269151,88.18242225,2912525,43.20588959553105,32.540758670798695,1892396,5.559241329201306,323295,687247,https://www.microsoft.com/en-us/research/wp-content/uploads/2026/05/Microsoft-AI-Diffusion-Report-2026-Q1.pdf
56,133,130,115,138,137,80,66,Uganda,Uganda,UGA,Sub-Saharan Africa,Low income,6.4,6.8,7.6,0.39999999999999947,0.8,1.1999999999999993,6.249999999999992,11.764705882352938,18.74999999999999,28087154,29050588,1797578,1909926,2207845,112348,297919,410267,8.949831061,2024,51.5,2023,1077.91278452817,2024,22.170420529358324,22.231491189421664,8.949831061,392134,84.91780401440138,7.675137458676712,2229673,-0.0751374586767124,-21828,26450609,https://www.microsoft.com/en-us/research/wp-content/uploads/2026/05/Microsoft-AI-Diffusion-Report-2026-Q1.pdf
57,102,104,116,90,37,96,50,Ghana,Ghana,GHA,Sub-Saharan Africa,Lower middle income,8.7,9.3,10.1,0.6000000000000014,0.8,1.4000000000000004,6.8965517241379475,8.602150537634397,16.09195402298851,21312985,21808495,1854230,1982108,2202658,127878,220550,348428,72.17569733,2024,89.5,2023,2390.77237652715,2024,33.26543420710593,68.7247203729212,72.17569733,13537775,13.993629952504676,11.591814634016757,2528000,-1.491814634016757,-325342,6068062,https://www.microsoft.com/en-us/research/wp-content/uploads/2026/05/Microsoft-AI-Diffusion-Report-2026-Q1.pdf
58,14,13,14,4,75,108,38,Switzerland,Switzerland,CHE,Europe & Central Asia,High income,32.4,34.8,37.8,2.3999999999999986,3.0,5.399999999999999,7.407407407407403,8.620689655172415,16.666666666666664,5800518,5793443,1879368,2018580,2189921,139212,171341,310553,97.3443985,2024,100.0,2023,103998.186685604,2024,85.81291097615981,95.70200137023197,97.3443985,3449671,38.83120198231026,40.18698044956485,2328210,-2.3869804495648523,-138289,153851,https://www.microsoft.com/en-us/research/wp-content/uploads/2026/05/Microsoft-AI-Diffusion-Report-2026-Q1.pdf
59,94,84,88,135,102,36,110,Mozambique,Mozambique,MOZ,Sub-Saharan Africa,Low income,8.9,9.7,10.9,0.7999999999999989,1.2,2.0,8.988764044943807,12.371134020618568,22.47191011235955,18919552,19580723,1683840,1835197,2134299,151357,299102,450459,20.52729988,2024,36.0,2023,656.776824637306,2024,15.269898073916789,23.34399454878336,20.52729988,1885095,53.10001833519276,7.727034772764581,1513009,3.1729652272354194,621290,15561329,https://www.microsoft.com/en-us/research/wp-content/uploads/2026/05/Microsoft-AI-Diffusion-Report-2026-Q1.pdf
60,64,72,77,34,46,139,7,Romania,Romania,ROU,Europe & Central Asia,High income,15.3,16.2,17.5,0.8999999999999986,1.3,2.1999999999999993,5.88235294117646,8.024691358024697,14.379084967320255,12159457,12093615,1860397,1969832,2116383,109435,146551,255986,91.29048551,2024,100.0,2023,20080.2096215595,2024,62.90615713906551,87.79099845831311,91.29048551,8923937,19.16957709473792,24.724829633503333,2990126,-7.224829633503333,-873743,1053295,https://www.microsoft.com/en-us/research/wp-content/uploads/2026/05/Microsoft-AI-Diffusion-Report-2026-Q1.pdf
61,95,85,89,137,109,31,115,Madagascar,Madagascar,MDG,Sub-Saharan Africa,Low income,8.9,9.7,10.9,0.7999999999999989,1.2,2.0,8.988764044943807,12.371134020618568,22.47191011235955,18855174,19382989,1678110,1828952,2112746,150842,283794,434636,18.67790031,2024,39.4,2023,544.987501003384,2024,12.671166574671739,22.657078485434347,18.67790031,1507590,58.35773732106402,6.929277641543918,1343101,3.970722358456082,769645,15762654,https://www.microsoft.com/en-us/research/wp-content/uploads/2026/05/Microsoft-AI-Diffusion-Report-2026-Q1.pdf
62,70,65,42,33,41,136,10,Kazakhstan,Kazakhstan,KAZ,Europe & Central Asia,Upper middle income,12.7,13.7,15.9,1.0,2.2,3.200000000000001,7.874015748031496,16.05839416058395,25.1968503937008,12893931,13030944,1637529,1766469,2071920,128940,305451,434391,93.39167254,2024,100.0,2023,14154.6324958076,2024,58.03558814508284,87.97253752601657,93.39167254,10097896,17.025072544010786,22.414595329326453,2920833,-6.514595329326452,-848913,861127,https://www.microsoft.com/en-us/research/wp-content/uploads/2026/05/Microsoft-AI-Diffusion-Report-2026-Q1.pdf
63,26,32,38,38,70,44,102,Czechia,Czech Republic,CZE,Europe & Central Asia,High income,26.0,27.8,30.1,1.8000000000000007,2.3,4.100000000000001,6.923076923076926,8.27338129496403,15.769230769230774,6761718,6709044,1758047,1879758,2019422,121711,139664,261375,87.68776014,2024,100.0,2023,31823.3078290564,2024,69.31956621141916,87.09218131928384,87.68776014,3863588,34.32634150073297,27.88343464411395,1870712,2.2165653558860505,148710,826034,https://www.microsoft.com/en-us/research/wp-content/uploads/2026/05/Microsoft-AI-Diffusion-Report-2026-Q1.pdf
64,69,60,68,93,57,42,104,Guatemala,Guatemala,GTM,Latin America & Caribbean,Upper middle income,13.7,14.8,16.4,1.1000000000000014,1.6,2.6999999999999993,8.029197080291981,10.810810810810796,19.708029197080286,11962256,12224160,1638829,1770414,2004762,131585,234348,365933,60.22140121,2024,100.0,2023,6150.02571438505,2024,46.425292267794546,67.40682911905891,60.22140121,5356798,27.232843591285803,13.988780579577922,1710011,2.4112194204220767,294751,4862600,https://www.microsoft.com/en-us/research/wp-content/uploads/2026/05/Microsoft-AI-Diffusion-Report-2026-Q1.pdf
65,18,16,18,17,74,81,65,Austria,Austria,AUT,Europe & Central Asia,High income,29.1,31.4,34.1,2.299999999999997,2.7,5.0,7.903780068728512,8.59872611464969,17.18213058419244,5901774,5857571,1717416,1853157,1997432,135741,144275,280016,94.91974877,2024,100.0,2023,58268.8787651601,2024,77.74426694738199,92.75471521297641,94.91974877,3562560,35.925084549715464,34.2579414079089,2006683,-0.15794140790890054,-9251,297579,https://www.microsoft.com/en-us/research/wp-content/uploads/2026/05/Microsoft-AI-Diffusion-Report-2026-Q1.pdf
66,19,26,31,26,72,20,126,Hungary,Hungary,HUN,Europe & Central Asia,High income,27.9,29.8,32.2,1.9000000000000021,2.4,4.300000000000004,6.810035842293914,8.053691275167791,15.41218637992833,6211869,6169732,1733111,1851137,1986654,118026,135517,253543,93.77898628,2024,100.0,2023,23292.3263882478,2024,64.97294272832747,89.57303099966549,93.77898628,3799258,34.336050406707386,26.20958806438357,1617061,5.990411935616432,369593,383820,https://www.microsoft.com/en-us/research/wp-content/uploads/2026/05/Microsoft-AI-Diffusion-Report-2026-Q1.pdf
67,97,92,78,80,39,116,30,Venezuela,Venezuela,VEN,Latin America & Caribbean,Not classified,8.3,9.0,10.3,0.6999999999999993,1.3,2.0,8.433734939759027,14.444444444444452,24.096385542168672,18554733,18704673,1540043,1669926,1926581,129883,256655,386538,76.67890167,2024,100.0,2023,4217.59102643391,2024,41.17170833090449,75.4077375846809,76.67890167,12415956,13.432638934146068,13.53128993456852,2530984,-3.231289934568519,-604403,4362135,https://www.microsoft.com/en-us/research/wp-content/uploads/2026/05/Microsoft-AI-Diffusion-Report-2026-Q1.pdf
68,39,93,48,45,61,28,118,Dominican Republic,Dominican Republic,DOM,Latin America & Caribbean,Upper middle income,22.0,22.7,24.8,0.6999999999999993,2.1,2.8000000000000007,3.1818181818181785,9.25110132158591,12.727272727272732,7558944,7626200,1662968,1715880,1891298,52912,175418,228330,91.0022446,2024,99.6,2023,10875.6618443092,2024,54.365321746746616,85.82429887934933,91.0022446,5048716,27.252075054860793,20.375237165953518,1553856,4.424762834046483,337442,686187,https://www.microsoft.com/en-us/research/wp-content/uploads/2026/05/Microsoft-AI-Diffusion-Report-2026-Q1.pdf
69,3,61,43,1,103,9,137,Norway,Norway,NOR,Europe & Central Asia,High income,45.3,46.4,48.6,1.1000000000000014,2.2,3.3000000000000043,2.42825607064018,4.741379310344834,7.2847682119205395,3654767,3669388,1655609,1695812,1783323,40203,87511,127714,99.0,2024,100.0,2023,86785.4334489176,2024,83.29282802801036,96.10856560560208,99.0,1849372,49.09090909090909,38.69675873597544,1419934,9.903241264024558,363389,36694,https://www.microsoft.com/en-us/research/wp-content/uploads/2026/05/Microsoft-AI-Diffusion-Report-2026-Q1.pdf
70,4,4,4,3,104,11,135,Ireland,Ireland,IRL,Europe & Central Asia,High income,41.7,44.6,48.4,2.8999999999999986,3.8,6.699999999999996,6.954436450839324,8.520179372197303,16.06714628297361,3487164,3525692,1454147,1555275,1706435,101128,151160,252288,97.18769836,2024,100.0,2023,112894.953240805,2024,86.95619244707886,95.84447258741578,97.18769836,1720104,49.8005414437515,40.97037273167363,1444489,7.429627268326371,261946,99153,https://www.microsoft.com/en-us/research/wp-content/uploads/2026/05/Microsoft-AI-Diffusion-Report-2026-Q1.pdf
71,36,33,44,37,68,88,58,Portugal,Portugal,PRT,Europe & Central Asia,High income,22.4,24.2,26.4,1.8000000000000007,2.2,4.0,8.035714285714288,9.090909090909088,17.857142857142858,6491086,6445530,1454003,1570843,1701620,116840,130777,247617,88.48704454,2024,100.0,2023,29292.242104753,2024,68.16525421593043,87.3009253401861,88.48704454,4001839,29.83487598353005,27.31809110572802,1760796,-0.9180911057280206,-59176,742071,https://www.microsoft.com/en-us/research/wp-content/uploads/2026/05/Microsoft-AI-Diffusion-Report-2026-Q1.pdf
72,83,105,117,131,136,26,120,Zambia,Zambia,ZMB,Sub-Saharan Africa,Lower middle income,11.7,12.3,13.1,0.6000000000000014,0.8,1.4000000000000004,5.12820512820514,6.5040650406503975,11.96581196581197,12497247,12937365,1462178,1537161,1694795,74983,157634,232617,17.10099983,2024,51.1,2023,1187.10943350064,2024,23.51441251111426,26.883432408722854,17.10099983,517624,76.60370814704581,8.41570356984483,1088770,4.68429643015517,606025,10724946,https://www.microsoft.com/en-us/research/wp-content/uploads/2026/05/Microsoft-AI-Diffusion-Report-2026-Q1.pdf
73,141,117,101,63,30,134,12,Uzbekistan,Uzbekistan,UZB,Europe & Central Asia,Lower middle income,5.7,6.3,7.2,0.5999999999999996,0.9,1.5,10.526315789473678,14.28571428571429,26.31578947368421,23210347,23483592,1322990,1462252,1690819,139262,228567,367829,89.50550079,2024,100.0,2023,3161.70010632875,2024,37.158256727569245,81.65967678001385,89.50550079,19328288,8.044198330215275,13.210826714394758,3102377,-6.010826714394757,-1411558,2464485,https://www.microsoft.com/en-us/research/wp-content/uploads/2026/05/Microsoft-AI-Diffusion-Report-2026-Q1.pdf
74,79,119,98,103,59,37,109,Senegal,Senegal,SEN,Sub-Saharan Africa,Lower middle income,12.4,12.9,13.9,0.5,1.0,1.5,4.032258064516129,7.751937984496124,12.096774193548386,11096219,11426676,1375931,1431412,1588308,55481,156896,212377,60.11780167,2024,74.2,2023,1773.21829923448,2024,29.103423517001588,57.43547562190032,60.11780167,5281158,23.12127126054974,10.794783247741869,1233485,3.1052167522581318,354823,4557210,https://www.microsoft.com/en-us/research/wp-content/uploads/2026/05/Microsoft-AI-Diffusion-Report-2026-Q1.pdf
75,144,120,140,125,90,50,96,Afghanistan,Afghanistan,AFG,"Middle East, North Africa, Afghanistan & Pakistan",Low income,5.1,5.6,6.1,0.5,0.5,1.0,9.803921568627452,8.928571428571429,19.607843137254903,24120182,24924935,1230129,1350730,1520421,120601,169691,290292,16.09499931,2024,85.3,2023,413.757894705303,2023,8.834217533267307,31.94409312715346,16.09499931,2491247,37.89997055924074,4.272498266312165,1064917,1.8275017336878348,455504,20913267,https://www.microsoft.com/en-us/research/wp-content/uploads/2026/05/Microsoft-AI-Diffusion-Report-2026-Q1.pdf
76,121,79,102,105,51,95,51,Cameroon,Cameroon,CMR,Sub-Saharan Africa,Lower middle income,7.0,7.8,8.7,0.7999999999999998,0.9,1.6999999999999993,11.428571428571425,11.538461538461533,24.285714285714274,16751854,17270639,1172630,1306645,1502546,134015,195901,329916,46.25880051,2024,72.0,2023,1830.00833684727,2024,29.542499389109405,49.35084015832189,46.25880051,6486645,18.807232146279443,10.172094903548935,1756786,-1.4720949035489355,-254240,9281449,https://www.microsoft.com/en-us/research/wp-content/uploads/2026/05/Microsoft-AI-Diffusion-Report-2026-Q1.pdf
77,103,106,118,140,126,54,92,Niger,Niger,NER,Sub-Saharan Africa,Low income,8.7,9.3,10.1,0.6000000000000014,0.8,1.4000000000000004,6.8965517241379475,8.602150537634397,16.09195402298851,14281545,14844256,1242494,1328184,1499270,85690,171086,256776,15.55760002,2024,20.1,2023,735.270255787226,2024,16.842299164159154,16.95013984383183,15.55760002,810140,64.92003899712032,8.811357877791622,1307981,1.288642122208378,191289,12534846,https://www.microsoft.com/en-us/research/wp-content/uploads/2026/05/Microsoft-AI-Diffusion-Report-2026-Q1.pdf
78,7,5,26,22,105,8,138,New Zealand,New Zealand,NZL,East Asia & Pacific,High income,37.6,40.5,43.0,2.8999999999999986,2.5,5.399999999999999,7.712765957446805,6.172839506172839,14.36170212765957,3388164,3401015,1273950,1372206,1462436,98256,90230,188486,93.51930237,2024,100.0,2023,49205.1792146792,2024,75.38944720701744,91.5135057449035,93.51930237,1718169,45.97981262721004,32.50046996694228,1105346,10.499530033057717,357090,220409,https://www.microsoft.com/en-us/research/wp-content/uploads/2026/05/Microsoft-AI-Diffusion-Report-2026-Q1.pdf
79,96,86,90,141,134,39,107,Malawi,Malawi,MWI,Sub-Saharan Africa,Low income,8.9,9.7,10.9,0.7999999999999989,1.2,2.0,8.988764044943807,12.371134020618568,22.47191011235955,12726487,13175178,1132657,1234469,1436094,101812,201625,303437,18.96159935,2024,15.6,2023,522.570393642547,2024,12.086140785818737,16.746107799663747,15.6,619233,57.48460242621887,8.200949808637727,1080490,2.6990501913622733,355604,10676954,https://www.microsoft.com/en-us/research/wp-content/uploads/2026/05/Microsoft-AI-Diffusion-Report-2026-Q1.pdf
80,104,107,119,133,106,83,63,Burkina Faso,Burkina Faso,BFA,Sub-Saharan Africa,Low income,8.7,9.3,10.1,0.6000000000000014,0.8,1.4000000000000004,6.8965517241379475,8.602150537634397,16.09195402298851,13516878,13964264,1175968,1257070,1410391,81102,153321,234423,28.25270081,2024,21.7,2023,981.992649769081,2024,20.872345722428673,25.138454589985734,21.7,1619855,35.74879466541167,10.504208504447352,1466835,-0.404208504447352,-56444,10018982,https://www.microsoft.com/en-us/research/wp-content/uploads/2026/05/Microsoft-AI-Diffusion-Report-2026-Q1.pdf
81,105,108,120,120,73,58,88,Mali,Mali,MLI,Sub-Saharan Africa,Low income,8.7,9.3,10.1,0.6000000000000014,0.8,1.4000000000000004,6.8965517241379475,8.602150537634397,16.09195402298851,13063825,13541889,1136553,1214936,1367731,78383,152795,231178,36.80149841,2024,54.5,2023,1094.61949265799,2024,22.38463866746664,38.34275185899333,36.80149841,3615887,27.44453469659688,9.03036003960923,1222881,1.06963996039077,144850,8558271,https://www.microsoft.com/en-us/research/wp-content/uploads/2026/05/Microsoft-AI-Diffusion-Report-2026-Q1.pdf
82,138,131,145,113,65,64,82,Syria,Syria,SYR,"Middle East, North Africa, Afghanistan & Pakistan",Low income,6.7,7.1,7.5,0.39999999999999947,0.4,0.7999999999999998,5.970149253731335,5.633802816901413,11.940298507462684,17093967,17775172,1145296,1213672,1333138,68376,119466,187842,33.77000046,2018,88.4,2023,1051.67149587463,2022,21.827150932725072,45.03893043954502,33.77000046,4669538,22.209060994487174,6.730263119091714,1196316,0.7697368809082858,136822,11772496,https://www.microsoft.com/en-us/research/wp-content/uploads/2026/05/Microsoft-AI-Diffusion-Report-2026-Q1.pdf
83,53,47,67,46,67,125,21,Greece,Greece,GRC,Europe & Central Asia,High income,17.7,19.1,20.8,1.4000000000000021,1.7,3.1000000000000014,7.909604519774023,8.90052356020942,17.51412429378532,6236498,6206328,1103860,1191171,1290916,87311,99745,187056,86.26968886,2024,100.0,2023,24626.1481858973,2024,65.74852890303762,85.59803465360753,86.26968886,4063264,24.110438179224936,25.632530178157676,1590839,-4.8325301781576755,-299923,852148,https://www.microsoft.com/en-us/research/wp-content/uploads/2026/05/Microsoft-AI-Diffusion-Report-2026-Q1.pdf
84,62,52,45,51,58,78,68,Azerbaijan,Azerbaijan,AZE,Europe & Central Asia,Upper middle income,14.2,15.5,17.7,1.3000000000000007,2.2,3.5,9.154929577464795,14.193548387096769,24.647887323943664,7240044,7280000,1028086,1122207,1288560,94121,166353,260474,90.43979645,2024,100.0,2023,7283.8499076179,2024,48.781978942883505,84.49828383607671,90.43979645,5295457,19.571030337054676,17.736036014367023,1291183,-0.036036014367024194,-2623,695983,https://www.microsoft.com/en-us/research/wp-content/uploads/2026/05/Microsoft-AI-Diffusion-Report-2026-Q1.pdf
85,28,27,32,59,93,14,132,Bulgaria,Bulgaria,BGR,Europe & Central Asia,High income,25.4,27.3,29.7,1.9000000000000021,2.4,4.300000000000001,7.48031496062993,8.791208791208787,16.92913385826772,4254658,4214045,1080683,1161522,1251571,80839,90049,170888,82.438955,2024,100.0,2023,17596.0173663521,2024,61.06677748551578,82.55478074710317,82.438955,2222443,36.02665754314813,22.623831977203203,953378,7.0761680227967965,298193,740030,https://www.microsoft.com/en-us/research/wp-content/uploads/2026/05/Microsoft-AI-Diffusion-Report-2026-Q1.pdf
86,22,21,27,2,89,132,14,Denmark,Denmark,DNK,Europe & Central Asia,High income,26.6,28.7,31.2,2.099999999999998,2.5,4.599999999999998,7.894736842105255,8.710801393728223,17.293233082706756,3800735,3803280,1010996,1090811,1186623,79815,95812,175627,99.76915157,2024,100.0,2023,71026.4832271897,2024,80.50182461617169,95.97339828673435,99.76915157,2607877,31.272191362787588,36.896218459287766,1403266,-5.696218459287767,-216643,8780,https://www.microsoft.com/en-us/research/wp-content/uploads/2026/05/Microsoft-AI-Diffusion-Report-2026-Q1.pdf
87,140,132,135,96,48,124,22,Sri Lanka,Sri Lanka,LKA,South Asia,Lower middle income,6.2,6.6,7.3,0.39999999999999947,0.7,1.0999999999999996,6.451612903225798,10.606060606060609,17.74193548387096,15290678,15357162,948022,1009185,1121073,61163,111888,173051,54.59,2024,100.0,2023,4515.56787322732,2024,42.122538181167116,63.449007636233425,54.59,7262402,13.372412529767356,12.107644893926928,1859391,-4.807644893926928,-738318,6973687,https://www.microsoft.com/en-us/research/wp-content/uploads/2026/05/Microsoft-AI-Diffusion-Report-2026-Q1.pdf
88,80,139,121,81,60,77,69,Tunisia,Tunisia,TUN,"Middle East, North Africa, Afghanistan & Pakistan",Lower middle income,12.3,12.7,13.5,0.3999999999999986,0.8,1.1999999999999993,3.2520325203251916,6.2992125984252025,9.756097560975602,8211982,8272257,1010074,1042922,1116755,32848,73833,106681,76.5,2024,100.0,2023,4181.13789301228,2024,41.050802551901135,75.28516051038022,76.5,5211522,17.647058823529413,13.475093252357695,1114694,0.02490674764230505,2061,1943980,https://www.microsoft.com/en-us/research/wp-content/uploads/2026/05/Microsoft-AI-Diffusion-Report-2026-Q1.pdf
89,10,7,5,5,112,27,119,Qatar,Qatar,QAT,"Middle East, North Africa, Afghanistan & Pakistan",High income,35.7,38.3,41.8,2.5999999999999943,3.5,6.099999999999994,7.28291316526609,9.138381201044387,17.08683473389354,2595498,2643005,926593,994076,1104776,67483,110700,178183,98.08540344,2024,100.0,2023,76688.6941743178,2024,81.5701334020895,95.2609985724179,98.08540344,1487626,42.61592299568768,37.352355406703445,987225,4.447644593296552,117551,50603,https://www.microsoft.com/en-us/research/wp-content/uploads/2026/05/Microsoft-AI-Diffusion-Report-2026-Q1.pdf
90,35,43,39,24,86,56,90,Oman,Oman,OMN,"Middle East, North Africa, Afghanistan & Pakistan",High income,22.6,24.2,26.5,1.5999999999999979,2.3,3.8999999999999986,7.079646017699106,9.504132231404961,17.256637168141587,4010718,4152440,906422,970594,1100397,64172,129803,193975,95.25174678,2024,100.0,2023,20285.2272897377,2024,63.047641487087226,89.99798902641746,95.25174678,2854875,27.82101210301815,25.32581084140225,1051639,1.1741891585977484,48758,197168,https://www.microsoft.com/en-us/research/wp-content/uploads/2026/05/Microsoft-AI-Diffusion-Report-2026-Q1.pdf
91,84,94,94,75,55,93,53,Bolivia,Bolivia,BOL,Latin America & Caribbean,Lower middle income,10.9,11.6,12.7,0.6999999999999993,1.1,1.799999999999999,6.422018348623847,9.482758620689651,16.5137614678899,8155505,8293676,888950,946039,1053297,57089,107258,164347,79.70469666,2024,99.8,2023,4421.16609889999,2024,41.828271892004686,77.15323754140094,79.70469666,5557152,15.933816364893746,14.033202297913144,1163868,-1.3332022979131448,-110571,1683227,https://www.microsoft.com/en-us/research/wp-content/uploads/2026/05/Microsoft-AI-Diffusion-Report-2026-Q1.pdf
92,33,73,69,76,100,4,142,Lebanon,Lebanon,LBN,"Middle East, North Africa, Afghanistan & Pakistan",Lower middle income,24.8,25.7,27.3,0.8999999999999986,1.6,2.5,3.6290322580645102,6.2256809338521455,10.080645161290322,3741835,3791529,927975,961652,1035087,33677,73435,107112,80.63400269,2024,100.0,2023,3477.72489842684,2023,38.48516840506895,77.0457351605138,80.63400269,2022174,33.85668463583003,12.944394797528508,490790,14.355605202471493,544297,734267,https://www.microsoft.com/en-us/research/wp-content/uploads/2026/05/Microsoft-AI-Diffusion-Report-2026-Q1.pdf
93,78,95,103,95,78,43,103,Honduras,Honduras,HND,Latin America & Caribbean,Lower middle income,12.4,13.1,14.0,0.6999999999999993,0.9,1.5999999999999996,5.645161290322575,6.870229007633591,12.90322580645161,7175290,7316252,889736,939963,1024275,50227,84312,134539,58.62269974,2024,95.6,2023,3426.43483328923,2024,38.2782241183714,63.79812968067428,58.62269974,3264709,23.881534050959765,11.605280086551172,849072,2.394719913448828,175203,3027268,https://www.microsoft.com/en-us/research/wp-content/uploads/2026/05/Microsoft-AI-Diffusion-Report-2026-Q1.pdf
94,29,36,46,20,94,119,27,Finland,Finland,FIN,Europe & Central Asia,High income,25.6,27.3,29.5,1.6999999999999993,2.2,3.8999999999999986,6.640624999999997,8.058608058608057,15.234374999999995,3456546,3454441,884876,943637,1019060,58761,75423,134184,93.72405196,2024,100.0,2023,53149.7671934051,2024,76.46351325023251,91.8409312280465,93.72405196,2218582,31.475378393360703,33.228545210554046,1147860,-3.7285452105540458,-128800,216799,https://www.microsoft.com/en-us/research/wp-content/uploads/2026/05/Microsoft-AI-Diffusion-Report-2026-Q1.pdf
95,32,50,54,47,97,24,122,Costa Rica,Costa Rica,CRI,Latin America & Caribbean,High income,25.1,26.5,28.5,1.3999999999999986,2.0,3.3999999999999986,5.577689243027883,7.547169811320755,13.545816733067722,3552417,3563963,891657,941391,1015729,49734,74338,124072,87.17019653,2024,100.0,2023,18587.1532203482,2024,61.83001244625621,85.30961058075124,87.17019653,2090984,32.6946607149057,23.614063888340628,841596,4.8859361116593725,174133,457249,https://www.microsoft.com/en-us/research/wp-content/uploads/2026/05/Microsoft-AI-Diffusion-Report-2026-Q1.pdf
96,43,34,20,50,88,40,106,Serbia,Serbia,SRB,Europe & Central Asia,Upper middle income,19.7,21.5,24.1,1.8000000000000007,2.6,4.400000000000002,9.137055837563455,12.09302325581396,22.335025380710672,4193470,4145811,826114,901596,999140,75482,97544,173026,87.69071294,2024,100.0,2023,13679.2065983557,2024,57.559732752439274,84.74183866748785,87.69071294,2636351,27.482955939119545,21.487852356950707,890846,2.612147643049294,108294,510320,https://www.microsoft.com/en-us/research/wp-content/uploads/2026/05/Microsoft-AI-Diffusion-Report-2026-Q1.pdf
97,122,80,104,143,139,94,52,Chad,Chad,TCD,Sub-Saharan Africa,Low income,7.0,7.8,8.7,0.7999999999999998,0.9,1.6999999999999993,11.428571428571425,11.538461538461533,24.285714285714274,10905001,11179782,763350,850590,972641,87240,122051,209291,12.62689972,2024,12.0,2023,961.55975562506,2024,20.579477222862923,14.060690290572586,12.0,368933,68.90052342951527,10.151480832800654,1134913,-1.4514808328006552,-162272,9768122,https://www.microsoft.com/en-us/research/wp-content/uploads/2026/05/Microsoft-AI-Diffusion-Report-2026-Q1.pdf
98,37,37,40,35,92,84,62,Slovakia,Slovak Republic,SVK,Europe & Central Asia,High income,22.1,23.8,26.1,1.6999999999999993,2.3,4.0,7.692307692307689,9.66386554621849,18.099547511312217,3580221,3550932,791229,852093,926793,60864,74700,135564,89.82507032,2024,100.0,2023,25992.6748502048,2024,66.50073116923161,87.70393490984632,89.82507032,2262834,29.056476000541142,26.541013518517097,942453,-0.4410135185170958,-15660,361305,https://www.microsoft.com/en-us/research/wp-content/uploads/2026/05/Microsoft-AI-Diffusion-Report-2026-Q1.pdf
99,106,109,122,123,101,85,61,Guinea,Guinea,GIN,Sub-Saharan Africa,Lower middle income,8.7,9.3,10.1,0.6000000000000014,0.8,1.4000000000000004,6.8965517241379475,8.602150537634397,16.09195402298851,8452620,8696117,735378,786094,878308,50716,92214,142930,33.30469894,2024,51.1,2023,1694.95375862193,2024,28.474697873280036,36.78752399165601,33.30469894,2017908,30.32605104221368,10.646290336643716,925814,-0.5462903366437164,-47506,5799901,https://www.microsoft.com/en-us/research/wp-content/uploads/2026/05/Microsoft-AI-Diffusion-Report-2026-Q1.pdf
100,107,110,123,121,99,69,77,Benin,Benin,BEN,Sub-Saharan Africa,Lower middle income,8.7,9.3,10.1,0.6000000000000014,0.8,1.4000000000000004,6.8965517241379475,8.602150537634397,16.09195402298851,8234972,8474807,716443,765852,855956,49409,90104,139513,33.98379898,2024,57.0,2023,1485.38018885134,2024,26.636396858678484,38.2683688107357,33.98379898,2024106,29.720043971375915,9.747738984019168,826102,0.35226101598083126,29854,5594746,https://www.microsoft.com/en-us/research/wp-content/uploads/2026/05/Microsoft-AI-Diffusion-Report-2026-Q1.pdf
101,52,48,55,9,81,140,6,Kuwait,Kuwait,KWT,"Middle East, North Africa, Afghanistan & Pakistan",High income,17.7,19.1,21.1,1.4000000000000021,2.0,3.400000000000002,7.909604519774023,10.471204188481673,19.20903954802261,3963164,4030383,701480,756964,850411,55484,93447,148931,99.74729919,2024,100.0,2023,32717.7186631255,2024,69.70562373260795,93.8021393010216,99.74729919,3169787,21.153454952006705,29.858466596346787,1203411,-8.758466596346786,-353000,10185,https://www.microsoft.com/en-us/research/wp-content/uploads/2026/05/Microsoft-AI-Diffusion-Report-2026-Q1.pdf
102,125,96,105,112,79,118,28,Zimbabwe,Zimbabwe,ZWE,Sub-Saharan Africa,Lower middle income,6.9,7.6,8.5,0.6999999999999993,0.9,1.5999999999999996,10.144927536231874,11.8421052631579,23.188405797101446,9518709,9819514,656791,723422,834659,66631,111237,177868,41.64279938,2024,62.0,2023,2497.20332208763,2024,33.87207353545932,45.17795436609187,41.64279938,3254462,20.411692120972873,11.914468478006729,1169943,-3.4144684780067287,-335284,5730393,https://www.microsoft.com/en-us/research/wp-content/uploads/2026/05/Microsoft-AI-Diffusion-Report-2026-Q1.pdf
103,61,42,49,88,98,30,116,El Salvador,El Salvador,SLV,Latin America & Caribbean,Upper middle income,14.6,16.2,18.3,1.5999999999999996,2.1,3.700000000000001,10.958904109589039,12.962962962962973,25.342465753424666,4284401,4318068,625523,694073,790206,68550,96133,164683,66.47769928,2024,98.3,2023,5579.65969165029,2024,45.06968790728476,70.15167218545695,66.47769928,2080346,27.52802849406915,14.210376088097743,613614,4.089623911902258,176592,1447516,https://www.microsoft.com/en-us/research/wp-content/uploads/2026/05/Microsoft-AI-Diffusion-Report-2026-Q1.pdf
104,134,133,124,127,96,68,78,Somalia,Somalia,SOM,Sub-Saharan Africa,Low income,6.4,6.8,7.6,0.39999999999999947,0.8,1.1999999999999993,6.249999999999992,11.764705882352938,18.74999999999999,9990239,10322422,639375,679336,784504,39961,105168,145129,27.94020081,2024,50.3,2023,629.538899449007,2024,14.679949169759551,30.87810027945191,27.94020081,2099601,27.2009498130733,7.150284232406888,738083,0.44971576759311205,46421,7438317,https://www.microsoft.com/en-us/research/wp-content/uploads/2026/05/Microsoft-AI-Diffusion-Report-2026-Q1.pdf
105,72,66,79,86,84,122,24,Libya,Libya,LBY,"Middle East, North Africa, Afghanistan & Pakistan",Upper middle income,12.7,13.7,15.0,1.0,1.3,2.3000000000000007,7.874015748031496,9.489051094890517,18.110236220472448,5068922,5155007,643753,694442,773251,50689,78809,129498,81.95449829,2024,73.2,2023,6569.16408678648,2024,47.34357894227549,72.8436898479551,73.2,3000214,18.302839152186333,19.560787988744956,1008360,-4.560787988744956,-235109,930247,https://www.microsoft.com/en-us/research/wp-content/uploads/2026/05/Microsoft-AI-Diffusion-Report-2026-Q1.pdf
106,45,58,64,77,110,62,84,Panama,Panama,PAN,Latin America & Caribbean,High income,20.3,21.5,23.3,1.1999999999999993,1.8,3.0,5.91133004926108,8.372093023255816,14.778325123152708,3008611,3047221,610748,646851,710002,36103,63151,99254,72.77149963,2024,97.0,2023,19161.2188501596,2024,62.25367476001509,76.72505974850301,72.77149963,1507506,32.01802919888516,22.479460284971555,684999,0.8205397150284455,25003,829713,https://www.microsoft.com/en-us/research/wp-content/uploads/2026/05/Microsoft-AI-Diffusion-Report-2026-Q1.pdf
107,126,121,106,111,82,121,25,Haiti,Haiti,HTI,Latin America & Caribbean,Lower middle income,7.1,7.6,8.5,0.5,0.9,1.4000000000000004,7.042253521126761,11.8421052631579,19.718309859154935,7670046,7793780,544573,582923,662471,38350,79548,117898,47.8614006,2024,51.3,2023,2142.62330526788,2024,31.739111467007657,45.49659262340153,47.8614006,3067741,17.759613996753785,12.66730972566736,987262,-4.16730972566736,-324791,4063568,https://www.microsoft.com/en-us/research/wp-content/uploads/2026/05/Microsoft-AI-Diffusion-Report-2026-Q1.pdf
108,147,122,138,91,47,131,15,Cambodia,Cambodia,KHM,East Asia & Pacific,Lower middle income,4.6,5.1,5.7,0.5,0.6,1.1000000000000005,10.869565217391305,11.764705882352953,23.913043478260885,11445122,11586035,526476,583701,660404,57225,76703,133928,68.47530365,2024,95.0,2023,2627.87969756224,2024,34.58249053875394,68.32791511525079,68.47530365,7273169,8.32416900133016,11.258203899801693,1304379,-5.5582038998016925,-643975,3652462,https://www.microsoft.com/en-us/research/wp-content/uploads/2026/05/Microsoft-AI-Diffusion-Report-2026-Q1.pdf
109,142,143,107,122,95,87,59,Rwanda,Rwanda,RWA,Sub-Saharan Africa,Low income,6.0,6.3,7.2,0.2999999999999998,0.9,1.2000000000000002,4.9999999999999964,14.28571428571429,20.000000000000004,8589560,8814179,515374,541142,634621,25768,93479,119247,31.70330048,2024,63.9,2023,999.65456165547,2024,21.120628105219147,37.63594088504383,31.70330048,2159765,22.710569218312504,7.8642824138603284,693172,-0.6642824138603283,-58551,6019793,https://www.microsoft.com/en-us/research/wp-content/uploads/2026/05/Microsoft-AI-Diffusion-Report-2026-Q1.pdf
110,38,28,33,52,116,60,86,Croatia,Croatia,HRV,Europe & Central Asia,High income,21.8,23.7,26.1,1.8999999999999986,2.4,4.300000000000001,8.715596330275224,10.126582278481022,19.72477064220184,2412334,2387697,525889,571723,623189,45834,51466,97300,83.63240029,2024,100.0,2023,24050.4397933135,2024,65.4190514388279,84.0816304472656,83.63240029,1373699,31.208000618775493,25.09794344556443,599263,1.0020565544355726,23926,390809,https://www.microsoft.com/en-us/research/wp-content/uploads/2026/05/Microsoft-AI-Diffusion-Report-2026-Q1.pdf
111,135,134,125,145,144,48,98,Burundi,Burundi,BDI,Sub-Saharan Africa,Low income,6.4,6.8,7.6,0.39999999999999947,0.8,1.1999999999999993,6.249999999999992,11.764705882352938,18.74999999999999,7694428,7985613,492443,523221,606907,30778,83686,114464,8.595999718,2024,11.6,2023,219.424830882698,2024,0.0,7.6277998449,8.595999718,79537,88.41321834952623,5.6773756410995295,453373,1.9226243589004701,153534,7299170,https://www.microsoft.com/en-us/research/wp-content/uploads/2026/05/Microsoft-AI-Diffusion-Report-2026-Q1.pdf
112,136,135,126,144,145,45,101,South Sudan,South Sudan,SSD,Sub-Saharan Africa,Low income,6.4,6.8,7.6,0.39999999999999947,0.8,1.1999999999999993,6.249999999999992,11.764705882352938,18.74999999999999,7183879,7430551,459768,488504,564722,28736,76218,104954,6.671000004,2019,5.4,2023,1080.14718624765,2015,22.199262234606216,9.458902449121243,5.4,0,113.92594806540193,5.4,401250,2.1999999999999993,163472,6934859,https://www.microsoft.com/en-us/research/wp-content/uploads/2026/05/Microsoft-AI-Diffusion-Report-2026-Q1.pdf
113,115,76,91,40,63,141,5,Belarus,Belarus,BLR,Europe & Central Asia,Upper middle income,7.6,8.4,9.6,0.8000000000000007,1.2,2.0,10.526315789473696,14.285714285714276,26.31578947368421,5922816,5867171,450134,497517,563248,47383,65731,113114,94.26182128,2024,100.0,2023,8317.63399913792,2024,50.63049740078367,86.97010118415675,94.26182128,4967254,10.18439901716272,18.952104685294305,1111952,-9.352104685294305,-548704,336669,https://www.microsoft.com/en-us/research/wp-content/uploads/2026/05/Microsoft-AI-Diffusion-Report-2026-Q1.pdf
114,88,69,92,71,80,120,26,Paraguay,Paraguay,PRY,Latin America & Caribbean,Upper middle income,10.1,11.0,12.2,0.9000000000000004,1.2,2.0999999999999996,8.910891089108915,10.909090909090903,20.79207920792079,4552206,4608226,459773,500743,562204,40970,61461,102431,81.57806793,2024,99.8,2023,6416.09708970845,2024,47.01520096700152,79.22097755490032,81.57806793,3197098,14.954999927760607,16.152205443593118,744330,-3.952205443593119,-182126,848924,https://www.microsoft.com/en-us/research/wp-content/uploads/2026/05/Microsoft-AI-Diffusion-Report-2026-Q1.pdf
115,89,97,95,97,91,71,75,Nicaragua,Nicaragua,NIC,Latin America & Caribbean,Lower middle income,10.0,10.7,11.8,0.6999999999999993,1.1,1.8000000000000007,6.999999999999992,10.280373831775714,18.000000000000007,4624238,4702707,462424,494793,554919,32369,60126,92495,61.39550018,2024,88.3,2023,2847.53966339498,2024,35.700613856604136,62.98264787032083,61.39550018,2332331,19.219649592241502,11.649830975393748,547857,0.15016902460625303,7062,1815457,https://www.microsoft.com/en-us/research/wp-content/uploads/2026/05/Microsoft-AI-Diffusion-Report-2026-Q1.pdf
116,40,40,50,29,111,98,48,Uruguay,Uruguay,URY,Latin America & Caribbean,High income,20.9,22.5,24.6,1.6000000000000014,2.1,3.700000000000003,7.655502392344504,9.33333333333334,17.703349282296664,2227833,2231146,465617,501262,548862,35645,47600,83245,91.99109007,2024,100.0,2023,23906.5133029408,2024,65.33545005085938,88.66218954867188,91.99109007,1503594,26.741720291911747,26.17228473603757,583942,-1.5722847360375702,-35080,178690,https://www.microsoft.com/en-us/research/wp-content/uploads/2026/05/Microsoft-AI-Diffusion-Report-2026-Q1.pdf
117,108,111,127,132,127,52,94,Sierra Leone,Sierra Leone,SLE,Sub-Saharan Africa,Low income,8.7,9.3,10.1,0.6000000000000014,0.8,1.4000000000000004,6.8965517241379475,8.602150537634397,16.09195402298851,5209466,5349766,453224,484480,540326,31256,55846,87102,25.10499954,2024,35.5,2023,806.654650417726,2024,18.13284564131516,26.309318875263035,25.10499954,802732,40.23103041251838,8.63101133780204,461739,1.46898866219796,78587,4006707,https://www.microsoft.com/en-us/research/wp-content/uploads/2026/05/Microsoft-AI-Diffusion-Report-2026-Q1.pdf
118,129,145,146,136,129,138,8,Papua New Guinea,Papua New Guinea,PNG,East Asia & Pacific,Lower middle income,7.2,7.3,7.7,0.09999999999999964,0.4,0.5,1.388888888888884,5.479452054794526,6.944444444444445,6809237,6949906,490265,497074,535143,6809,38069,44878,18.81159973,2024,20.5,2023,3006.70564478923,2024,36.45816055508388,22.763011962516778,18.81159973,772246,40.93219136339768,14.91932116178312,1036879,-7.21932116178312,-501736,5642518,https://www.microsoft.com/en-us/research/wp-content/uploads/2026/05/Microsoft-AI-Diffusion-Report-2026-Q1.pdf
119,109,112,128,119,114,57,89,Togo,Togo,TGO,Sub-Saharan Africa,Low income,8.7,9.3,10.1,0.6000000000000014,0.8,1.4000000000000004,6.8965517241379475,8.602150537634397,16.09195402298851,4819719,4966287,419316,448234,501595,28918,53361,82279,39.48320007,2024,59.2,2023,1119.38160509429,2024,22.696205342897567,41.05500110707952,39.48320007,1459254,25.580500015433522,8.940679606202842,444020,1.1593203937971577,57575,3005438,https://www.microsoft.com/en-us/research/wp-content/uploads/2026/05/Microsoft-AI-Diffusion-Report-2026-Q1.pdf
120,44,146,60,54,117,21,125,Jamaica,Jamaica,JAM,Latin America & Caribbean,Upper middle income,22.2,22.1,24.0,-0.09999999999999787,1.9,1.8000000000000007,-0.4504504504504409,8.597285067873296,8.10810810810811,2074923,2071994,460633,458558,497279,-2075,38721,36646,90.10870361,2024,97.7,2023,7753.8006955432,2024,49.65281593662156,83.91535017282432,90.10870361,1369768,26.63449704467455,18.362231077598054,380464,5.637768922401946,116815,204947,https://www.microsoft.com/en-us/research/wp-content/uploads/2026/05/Microsoft-AI-Diffusion-Report-2026-Q1.pdf
121,54,74,41,64,108,46,100,Georgia,Georgia,GEO,Europe & Central Asia,Upper middle income,17.3,18.2,20.5,0.8999999999999986,2.3,3.1999999999999993,5.202312138728315,12.637362637362642,18.497109826589593,2418019,2414692,418317,440079,495012,21762,54933,76695,83.79855689,2024,100.0,2023,9241.49122313713,2024,52.097484315176345,81.50870315253528,83.79855689,1528465,24.463428441744853,18.487681586037095,446421,2.0123184139629053,48591,391215,https://www.microsoft.com/en-us/research/wp-content/uploads/2026/05/Microsoft-AI-Diffusion-Report-2026-Q1.pdf
122,143,136,139,83,64,143,3,Cuba,Cuba,CUB,Latin America & Caribbean,Upper middle income,5.7,6.1,6.7,0.39999999999999947,0.6,1.0,7.017543859649113,9.836065573770501,17.543859649122805,7430867,7371409,423559,453283,493884,29724,40601,70325,70.47699738,2024,100.0,2023,9605.27914559614,2020,52.63524409146492,74.28939737729299,70.47699738,4701263,9.506647912190042,17.341857674586656,1278339,-10.641857674586657,-784455,2176261,https://www.microsoft.com/en-us/research/wp-content/uploads/2026/05/Microsoft-AI-Diffusion-Report-2026-Q1.pdf
123,49,53,21,57,119,33,113,Bosnia and Herzegovina,Bosnia And Herzegovina,BIH,Europe & Central Asia,Upper middle income,18.2,19.5,22.1,1.3000000000000007,2.6,3.900000000000002,7.142857142857147,13.333333333333341,21.42857142857144,2018817,1986650,367425,393669,439050,26244,45381,71625,86.10091103,2024,100.0,2023,9358.78768951134,2024,52.27315296395718,82.81013165929144,86.10091103,1271474,25.667556516678125,18.811784255836358,373724,3.2882157441636437,65326,276126,https://www.microsoft.com/en-us/research/wp-content/uploads/2026/05/Microsoft-AI-Diffusion-Report-2026-Q1.pdf
124,117,118,80,60,71,111,35,Kyrgyzstan,Kyrgyzstan,KGZ,Europe & Central Asia,Lower middle income,7.6,8.2,9.5,0.5999999999999996,1.3,1.9000000000000004,7.894736842105258,15.853658536585376,25.000000000000007,4532129,4610867,344442,371635,438032,27193,66397,93590,92.0286026,2024,100.0,2023,2420.18542283831,2024,33.43574293373079,82.30288001674616,92.0286026,3805284,10.322877596318083,12.19526188198459,562307,-2.6952618819845906,-124275,367551,https://www.microsoft.com/en-us/research/wp-content/uploads/2026/05/Microsoft-AI-Diffusion-Report-2026-Q1.pdf
125,42,51,61,36,121,115,31,Lithuania,Lithuania,LTU,Europe & Central Asia,High income,21.0,22.4,24.3,1.3999999999999986,1.9,3.3000000000000007,6.66666666666666,8.482142857142867,15.714285714285717,1833165,1801074,384965,410629,437661,25664,27032,52696,89.16116293,2024,100.0,2023,29384.0189598663,2024,68.20882487457534,87.68040458641508,89.16116293,1168198,27.254018679722485,27.43786037761746,494176,-3.1378603776174607,-56515,195215,https://www.microsoft.com/en-us/research/wp-content/uploads/2026/05/Microsoft-AI-Diffusion-Report-2026-Q1.pdf
126,128,87,96,94,83,107,39,Laos,Laos,LAO,East Asia & Pacific,Lower middle income,6.0,6.7,7.8,0.7000000000000002,1.1,1.7999999999999998,11.66666666666667,16.417910447761187,30.0,5145213,5227626,308713,344729,407755,36016,63026,99042,65.59269714,2024,96.5,2023,2123.97909415109,2024,31.617384266443178,66.52446028028864,65.59269714,3021186,11.891567720339056,10.115241049180838,528787,-2.3152410491808384,-121032,1798685,https://www.microsoft.com/en-us/research/wp-content/uploads/2026/05/Microsoft-AI-Diffusion-Report-2026-Q1.pdf
127,145,123,141,99,77,99,47,Tajikistan,Tajikistan,TJK,Europe & Central Asia,Lower middle income,5.1,5.6,6.1,0.5,0.5,1.0,9.803921568627452,8.928571428571429,19.607843137254903,6479061,6618279,330432,362827,403715,32395,40888,73283,55.79339981,2024,100.0,2023,1341.20229027672,2024,25.214273942949873,60.72922468408998,55.79339981,3288848,10.933192852152883,7.7943831481244645,515854,-1.6943831481244649,-112139,2925716,https://www.microsoft.com/en-us/research/wp-content/uploads/2026/05/Microsoft-AI-Diffusion-Report-2026-Q1.pdf
128,31,29,28,27,125,75,71,Slovenia,Slovenia,SVN,Europe & Central Asia,High income,24.6,26.5,29.0,1.8999999999999986,2.5,4.399999999999999,7.723577235772352,9.433962264150944,17.88617886178861,1340244,1334103,329700,355165,386890,25465,31725,57190,90.76355487,2024,100.0,2023,34301.0318686594,2024,70.36384870766514,88.99272492003303,90.76355487,823989,31.951150482742218,28.94774380973109,386193,0.05225619026890982,697,123224,https://www.microsoft.com/en-us/research/wp-content/uploads/2026/05/Microsoft-AI-Diffusion-Report-2026-Q1.pdf
129,66,35,34,65,107,79,67,Mongolia,Mongolia,MNG,East Asia & Pacific,Upper middle income,12.6,14.3,16.7,1.700000000000001,2.4,4.1,13.4920634920635,16.783216783216773,32.53968253968254,2216076,2254496,279226,316899,376501,37673,59602,97275,85.12349701,2024,100.0,2023,6750.6301157724,2024,47.72311035217033,81.36254542593406,85.12349701,1542605,19.618554907393133,16.75826973138902,377815,-0.05826973138902147,-1314,335390,https://www.microsoft.com/en-us/research/wp-content/uploads/2026/05/Microsoft-AI-Diffusion-Report-2026-Q1.pdf
130,59,140,72,74,122,49,97,Moldova,Moldova,MDA,Europe & Central Asia,Upper middle income,16.6,17.0,18.5,0.3999999999999986,1.5,1.8999999999999986,2.4096385542168584,8.823529411764707,11.445783132530112,1905762,1875586,316356,323980,346983,7624,23003,30627,77.3687973,2024,100.0,2023,7576.19589413326,2024,49.330074217995666,77.41885335859914,77.3687973,1104135,23.911448343013085,16.655966196986174,312397,1.8440338030138257,34586,424468,https://www.microsoft.com/en-us/research/wp-content/uploads/2026/05/Microsoft-AI-Diffusion-Report-2026-Q1.pdf
131,110,113,129,130,130,65,81,Liberia,Liberia,LBR,Sub-Saharan Africa,Low income,8.7,9.3,10.1,0.6000000000000014,0.8,1.4000000000000004,6.8965517241379475,8.602150537634397,16.09195402298851,3300296,3395223,287126,306928,342918,19802,35990,55792,32.23360062,2024,32.5,2023,851.497723870206,2024,18.886374476712177,29.630755236342438,32.23360062,751485,31.33376292356631,9.428924076896486,320133,0.6710759231035137,22785,2300820,https://www.microsoft.com/en-us/research/wp-content/uploads/2026/05/Microsoft-AI-Diffusion-Report-2026-Q1.pdf
132,60,98,56,56,120,97,49,Albania,Albania,ALB,Europe & Central Asia,Upper middle income,15.8,16.5,18.5,0.6999999999999993,2.0,2.6999999999999993,4.430379746835438,12.121212121212121,17.088607594936704,1822866,1797535,288013,300773,332544,12760,31771,44531,85.86389923,2024,100.0,2023,11377.7757431099,2024,54.99396156185854,83.22393688887172,85.86389923,1210890,21.545725463089944,20.03657817704943,360165,-1.5365781770494316,-27621,254101,https://www.microsoft.com/en-us/research/wp-content/uploads/2026/05/Microsoft-AI-Diffusion-Report-2026-Q1.pdf
133,123,81,108,110,113,123,23,Congo,Congo,COG,Sub-Saharan Africa,Lower middle income,7.0,7.8,8.7,0.7999999999999998,0.9,1.6999999999999993,11.428571428571425,11.538461538461533,24.285714285714274,3695839,3813654,258709,288275,331788,29566,43513,73079,47.25159836,2024,51.3,2023,2482.2489948456,2024,33.78841511913068,45.57106212182614,47.25159836,1470225,18.412075574071647,13.298992022035769,507178,-4.59899202203577,-175390,2011642,https://www.microsoft.com/en-us/research/wp-content/uploads/2026/05/Microsoft-AI-Diffusion-Report-2026-Q1.pdf
134,146,124,142,115,135,127,19,Turkmenistan,Turkmenistan,TKM,Europe & Central Asia,Upper middle income,5.1,5.6,6.1,0.5,0.5,1.0,9.803921568627452,8.928571428571429,19.607843137254903,4874056,4958994,248577,272947,302499,24370,29552,53922,17.99029922,2016,100.0,2023,6856.65802730208,2024,47.94017067603268,44.482698706206534,17.99029922,589639,33.90716255135194,11.215811615407382,556191,-5.115811615407383,-253692,4066856,https://www.microsoft.com/en-us/research/wp-content/uploads/2026/05/Microsoft-AI-Diffusion-Report-2026-Q1.pdf
135,111,114,130,116,123,109,37,Mauritania,Mauritania,MRT,Sub-Saharan Africa,Lower middle income,8.7,9.3,10.1,0.6000000000000014,0.8,1.4000000000000004,6.8965517241379475,8.602150537634397,16.09195402298851,2889732,2986765,251407,268745,301663,17338,32918,50256,45.77939987,2024,50.3,2023,2110.12036938187,2024,31.52620695199586,44.05891131889917,45.77939987,1065660,22.062325038513006,12.528460524041474,374196,-2.4284605240414745,-72533,1619442,https://www.microsoft.com/en-us/research/wp-content/uploads/2026/05/Microsoft-AI-Diffusion-Report-2026-Q1.pdf
136,71,77,81,102,128,106,40,Namibia,Namibia,NAM,Sub-Saharan Africa,Lower middle income,13.0,13.8,15.1,0.8000000000000007,1.3,2.0999999999999996,6.153846153846159,9.420289855072456,16.153846153846153,1841969,1886310,239456,254192,284833,14736,30641,45377,64.87460327,2024,56.7,2023,4413.12752211572,2024,41.80292466314551,58.21661673112911,56.7,784705,23.27567220281207,17.363545850644492,327530,-2.2635458506444923,-42697,662574,https://www.microsoft.com/en-us/research/wp-content/uploads/2026/05/Microsoft-AI-Diffusion-Report-2026-Q1.pdf
137,75,75,97,101,131,113,33,Botswana,Botswana,BWA,Sub-Saharan Africa,Upper middle income,12.8,13.7,14.8,0.8999999999999986,1.1,2.0,7.031249999999989,8.029197080291981,15.625,1638745,1669222,209759,224508,247045,14749,22537,37286,57.45950036,2024,76.0,2023,7695.75319445165,2024,49.54815306174772,60.51235581034955,57.45950036,712082,25.757272352306966,17.583936936569007,293515,-2.783936936569006,-46470,710095,https://www.microsoft.com/en-us/research/wp-content/uploads/2026/05/Microsoft-AI-Diffusion-Report-2026-Q1.pdf
138,124,82,109,142,143,61,85,Central African Republic,Central African Republic,CAF,Sub-Saharan Africa,Low income,7.0,7.8,8.7,0.7999999999999998,0.9,1.6999999999999993,11.428571428571425,11.538461538461533,24.285714285714274,2708089,2823162,189566,211231,245615,21665,34384,56049,13.78250027,2024,17.6,2023,516.160999996036,2024,11.91425410268363,14.363225969036726,13.78250027,143487,63.1235249741809,7.77413119842231,219476,0.925868801577689,26139,2434060,https://www.microsoft.com/en-us/research/wp-content/uploads/2026/05/Microsoft-AI-Diffusion-Report-2026-Q1.pdf
139,73,63,70,87,124,103,43,Gabon,Gabon,GAB,Sub-Saharan Africa,Upper middle income,12.3,13.4,15.0,1.0999999999999996,1.6,2.6999999999999993,8.943089430894306,11.940298507462684,21.951219512195113,1546207,1585005,190183,207192,237751,17009,30559,47568,68.72090149,2024,94.1,2023,8230.04311451151,2024,50.483045979916355,71.41810501548328,68.72090149,851479,21.82742029684046,16.963188938275728,268867,-1.963188938275728,-31116,495775,https://www.microsoft.com/en-us/research/wp-content/uploads/2026/05/Microsoft-AI-Diffusion-Report-2026-Q1.pdf
140,92,141,143,108,132,35,111,Gambia,Gambia,GMB,Sub-Saharan Africa,Low income,10.6,10.9,11.4,0.3000000000000007,0.5,0.8000000000000007,2.8301886792452895,4.587155963302751,7.547169811320761,1611182,1659684,170785,175619,189204,4834,13585,18419,49.49430084,2024,66.9,2023,871.340291776294,2024,19.207219763938845,47.788309414787776,49.49430084,632245,23.032954919098117,8.189692154387227,135923,3.210307845612773,53281,838235,https://www.microsoft.com/en-us/research/wp-content/uploads/2026/05/Microsoft-AI-Diffusion-Report-2026-Q1.pdf
141,137,137,131,134,142,59,87,Eritrea,Eritrea,ERI,Sub-Saharan Africa,Low income,6.4,6.8,7.6,0.39999999999999947,0.8,1.1999999999999993,6.249999999999992,11.764705882352938,18.74999999999999,2097519,2157970,134241,142631,164006,8390,21375,29765,14.34939957,2020,54.4,2023,688.68165957684,2011,15.930577303601812,24.67828522422036,14.34939957,145650,52.963888578928184,6.55752242302967,141509,1.04247757697033,22497,1848314,https://www.microsoft.com/en-us/research/wp-content/uploads/2026/05/Microsoft-AI-Diffusion-Report-2026-Q1.pdf
142,114,144,136,109,133,67,79,Lesotho,Lesotho,LSO,Sub-Saharan Africa,Lower middle income,8.8,9.1,9.8,0.29999999999999893,0.7,1.0,3.409090909090897,7.692307692307704,11.363636363636363,1465673,1492536,128979,133376,146269,4397,12893,17290,51.79660034,2024,57.3,2023,971.90771824829,2024,20.728566070847684,46.95884340116954,51.79660034,626814,18.92016065855955,9.310453360201313,138962,0.4895466397986876,7307,719453,https://www.microsoft.com/en-us/research/wp-content/uploads/2026/05/Microsoft-AI-Diffusion-Report-2026-Q1.pdf
143,139,138,132,67,115,142,4,Armenia,Armenia,ARM,Europe & Central Asia,Upper middle income,6.2,6.6,7.4,0.39999999999999947,0.8,1.2000000000000002,6.451612903225798,12.121212121212132,19.35483870967742,1965368,1938090,121853,129714,143419,7861,13705,21566,81.33930206,2024,100.0,2023,8556.21406956719,2024,51.02438472251899,79.9414930775038,81.33930206,1433010,9.097693012587428,17.76303329922742,344264,-10.36303329922742,-200845,361661,https://www.microsoft.com/en-us/research/wp-content/uploads/2026/05/Microsoft-AI-Diffusion-Report-2026-Q1.pdf
144,112,115,133,128,141,63,83,Guinea-Bissau,Guinea-Bissau,GNB,Sub-Saharan Africa,Low income,8.7,9.3,10.1,0.6000000000000014,0.8,1.4000000000000004,6.8965517241379475,8.602150537634397,16.09195402298851,1314563,1352783,114367,122254,136631,7887,14377,22264,29.77739906,2024,40.5,2023,1007.74151728028,2024,21.232849941126165,30.749139471225234,29.77739906,266193,33.91834182578873,9.304080797714654,125864,0.7959192022853454,10767,949959,https://www.microsoft.com/en-us/research/wp-content/uploads/2026/05/Microsoft-AI-Diffusion-Report-2026-Q1.pdf
145,98,99,82,53,138,145,1,Guyana,Guyana,GUY,Latin America & Caribbean,High income,8.3,9.0,10.3,0.6999999999999993,1.3,2.0,8.433734939759027,14.444444444444452,24.096385542168672,535753,538920,44467,48218,55509,3751,7291,11042,83.00080109,2024,98.9,2023,29675.2443873316,2024,68.34618725777999,84.044678051056,83.00080109,391799,12.409518781428911,26.840948924210295,144651,-16.540948924210294,-89142,91612,https://www.microsoft.com/en-us/research/wp-content/uploads/2026/05/Microsoft-AI-Diffusion-Report-2026-Q1.pdf
146,99,100,83,58,140,137,9,Suriname,Suriname,SUR,Latin America & Caribbean,Upper middle income,8.3,9.0,10.3,0.6999999999999993,1.3,2.0,8.433734939759027,14.444444444444452,24.096385542168672,425322,428768,35302,38279,44163,2977,5884,8861,87.4,2023,99.6,2023,6961.78955961526,2024,48.15210687918733,82.60042137583747,87.4,330580,11.784897025171624,17.208611927209283,73785,-6.908611927209282,-29622,54025,https://www.microsoft.com/en-us/research/wp-content/uploads/2026/05/Microsoft-AI-Diffusion-Report-2026-Q1.pdf
147,100,101,84,,,,,French Guiana,French Guiana,GUF,Unclassified,Unclassified,8.3,9.0,10.3,0.6999999999999993,1.3,2.0,8.433734939759027,14.444444444444452,24.096385542168672,193736,196637,16080,17436,20254,1356,2818,4174,,,,,,,,,,,,,,,,,https://www.microsoft.com/en-us/research/wp-content/uploads/2026/05/Microsoft-AI-Diffusion-Report-2026-Q1.pdf
